{
  "PTS": {
    "stat": "PTS",
    "accuracy": 0.6279799247176914,
    "roc_auc": 0.6257811698095225,
    "brier_score": 0.2278519023507567,
    "log_loss": 0.6476201962006548,
    "train_samples": 23415,
    "test_samples": 9564,
    "n_features": 132,
    "positive_rate": 0.6068590547887913,
    "top_features": {
      "pts_season_avg": 0.017706705257296562,
      "game_score_season_avg": 0.014519202522933483,
      "obpm": 0.013891833834350109,
      "fg3_season_avg": 0.011383768171072006,
      "per": 0.010767674073576927,
      "fga_season_avg": 0.010422492399811745,
      "fga_avg_3": 0.010391884483397007,
      "opp_pts_allowed": 0.010187913663685322,
      "vorp": 0.009649403393268585,
      "mp_float_season_avg": 0.009626072831451893,
      "pts_avg_3": 0.009065025486052036,
      "bpm": 0.009015343151986599,
      "pts_avg_x_opp_allowed": 0.008996326476335526,
      "mp_float_avg_3": 0.008993017487227917,
      "usg_pct": 0.00883033312857151,
      "ows": 0.008775148540735245,
      "fga_avg_5": 0.008661245927214622,
      "fta_avg_5": 0.008595390245318413,
      "mp_float_avg_5": 0.008569668978452682,
      "ts_pct": 0.008539632894098759
    }
  },
  "REB": {
    "stat": "REB",
    "accuracy": 0.6292346298619824,
    "roc_auc": 0.6165641757928276,
    "brier_score": 0.22739698654853657,
    "log_loss": 0.6463603182578563,
    "train_samples": 23415,
    "test_samples": 9564,
    "n_features": 132,
    "positive_rate": 0.6163739021329987,
    "top_features": {
      "reb_season_avg": 0.01790342666208744,
      "drb_pct": 0.01252974383533001,
      "drb_season_avg": 0.011797012761235237,
      "reb_pct": 0.010782452300190926,
      "reb_avg_x_opp_allowed": 0.009722494520246983,
      "mp_float_avg_3": 0.009522724896669388,
      "mp_float_avg_10": 0.009280277416110039,
      "vorp": 0.009242355823516846,
      "opp_reb_allowed": 0.008791754022240639,
      "days_rest": 0.008687308989465237,
      "mp_float_season_avg": 0.008676339872181416,
      "orb_pct": 0.008640577085316181,
      "orb_season_avg": 0.008618327789008617,
      "fga_season_avg": 0.00859652180224657,
      "game_score_season_avg": 0.008436131291091442,
      "reb_avg_10": 0.008411355316638947,
      "mp_float_avg_5": 0.008364131674170494,
      "dws": 0.008293156512081623,
      "ast_season_avg": 0.00828615017235279,
      "ows": 0.008269139565527439
    }
  },
  "AST": {
    "stat": "AST",
    "accuracy": 0.6315349226265161,
    "roc_auc": 0.6576857817854521,
    "brier_score": 0.22664168774039017,
    "log_loss": 0.6448308147368497,
    "train_samples": 23415,
    "test_samples": 9564,
    "n_features": 132,
    "positive_rate": 0.5751777498954412,
    "top_features": {
      "ast_season_avg": 0.022745531052350998,
      "ast_pct": 0.014843295328319073,
      "opp_ast_allowed": 0.012079180218279362,
      "mp_float_avg_3": 0.011321456171572208,
      "ast_avg_x_opp_allowed": 0.010364680550992489,
      "obpm": 0.010068041272461414,
      "per": 0.01004597544670105,
      "mp_float_season_avg": 0.00962864886969328,
      "game_score_season_avg": 0.009566125459969044,
      "mp_float_avg_5": 0.009470931254327297,
      "vorp": 0.009047218598425388,
      "mp_float_avg_10": 0.00890753697603941,
      "fga_season_avg": 0.00850110873579979,
      "drb_pct": 0.008449913002550602,
      "usg_pct": 0.008406303822994232,
      "tov_avg_5": 0.008355813100934029,
      "game_score_avg_5": 0.008257459849119186,
      "opp_fg_pct_allowed": 0.008237208239734173,
      "orb_season_avg": 0.008122592233121395,
      "days_rest": 0.00810134969651699
    }
  },
  "STL": {
    "stat": "STL",
    "accuracy": 0.650146382266834,
    "roc_auc": 0.6519366286162304,
    "brier_score": 0.2192289158132681,
    "log_loss": 0.6285726410367564,
    "train_samples": 23415,
    "test_samples": 9564,
    "n_features": 132,
    "positive_rate": 0.3686741948975324,
    "top_features": {
      "stl_season_avg": 0.03613396733999252,
      "stl_pct": 0.02068766951560974,
      "mp_float_avg_3": 0.01081986166536808,
      "stl_avg_10": 0.009931264445185661,
      "opp_stl_rate": 0.009899857454001904,
      "rest_3plus": 0.009801040403544903,
      "pts_avg_5": 0.009655804373323917,
      "vorp": 0.00900453981012106,
      "fga_avg_5": 0.008897267282009125,
      "mp_float_avg_10": 0.008880137465894222,
      "mp_float_avg_5": 0.008875411935150623,
      "ast_avg_10": 0.008778260089457035,
      "mp_float_season_avg": 0.008764749392867088,
      "pts_avg_x_opp_allowed": 0.008745988830924034,
      "dws": 0.00814984180033207,
      "game_score_avg_10": 0.007999580353498459,
      "dbpm": 0.007989300414919853,
      "fga_avg_3": 0.007948980666697025,
      "ast_pct": 0.007943528704345226,
      "rest_0_1": 0.007873347029089928
    }
  },
  "BLK": {
    "stat": "BLK",
    "accuracy": 0.7031576746131326,
    "roc_auc": 0.6735184748108407,
    "brier_score": 0.19612421104182828,
    "log_loss": 0.5767085521518156,
    "train_samples": 23415,
    "test_samples": 9564,
    "n_features": 132,
    "positive_rate": 0.30437055625261394,
    "top_features": {
      "blk_pct": 0.038661882281303406,
      "blk_season_avg": 0.019467100501060486,
      "opp_blk_rate": 0.012272953987121582,
      "reb_pct": 0.009561934508383274,
      "mp_float_avg_3": 0.008945484645664692,
      "blk_avg_10": 0.008868569508194923,
      "mp_float_avg_10": 0.00868120975792408,
      "reb_season_avg": 0.008676808327436447,
      "ts_pct": 0.008584270253777504,
      "is_b2b": 0.008416982367634773,
      "mp_float_avg_5": 0.008377733640372753,
      "vorp": 0.00827794335782528,
      "mp_float_season_avg": 0.008009964600205421,
      "pts_avg_x_opp_allowed": 0.007832882925868034,
      "fg3_avg_5": 0.007802305743098259,
      "rest_0_1": 0.007784122135490179,
      "fga_avg_5": 0.007729112636297941,
      "fga_std_10": 0.007696168962866068,
      "stl_avg_3": 0.007679703179746866,
      "ast_season_avg": 0.007672667969018221
    }
  },
  "3PM": {
    "stat": "3PM",
    "accuracy": 0.6035131744040151,
    "roc_auc": 0.6358658648932647,
    "brier_score": 0.22851049134866247,
    "log_loss": 0.6430852316379684,
    "train_samples": 23415,
    "test_samples": 9564,
    "n_features": 132,
    "positive_rate": 0.41656210790464243,
    "top_features": {
      "fg3_avg_10": 0.08038604259490967,
      "fg3_season_avg": 0.01791987754404545,
      "fg3_pct_avg_3": 0.014123823493719101,
      "fg3_std_10": 0.012676144950091839,
      "orb_pct": 0.011356458999216557,
      "obpm": 0.010658781044185162,
      "fg3_avg_5": 0.009833002462983131,
      "game_score_season_avg": 0.009451971389353275,
      "fg3_pct_std_10": 0.009227137081325054,
      "fg_pct_season_avg": 0.009196416474878788,
      "ts_pct": 0.00911354273557663,
      "pts_season_avg": 0.008543068543076515,
      "fg3_pct_season_avg": 0.008459501899778843,
      "reb_pct": 0.008403239771723747,
      "fg3_avg_3": 0.008379030972719193,
      "bpm": 0.008313808590173721,
      "reb_season_avg": 0.00816415436565876,
      "opp_ast_allowed": 0.00784460548311472,
      "blk_pct": 0.007700733840465546,
      "drb_pct": 0.007605311926454306
    }
  }
}